{"acc":0.8663459671864788,"loss":0.08725227491440055,"_timestamp":1.769628468871047e+09,"_runtime":0,"_wandb":{"runtime":0},"_step":7}