{"_runtime":69,"val/loss":0.7977966070175171,"_timestamp":1.769628709293442e+09,"_step":20,"lr":0.0001,"mfu":0.04814868028628184,"train/loss":0.781597912311554,"iter":2000,"_wandb":{"runtime":69}}